cluster_id,cluster_name
0,And_Stock_Performance_Features
1,Marks_Punctuation_Periods_Features
2,And_Investment_Activities_Features
3,And_Content_Stock_Features
4,And_Stock_Company_Features
5,Sentence_End_Punctuation_Features
6,And_Stock_Performance_Features
7,Sentence_Boundary_Marker_Features
8,End_Sentences_Marked_Features
9,And_Economic_Indicators_Features
10,End_Sentences_And_Features
11,Current_State_Entities_Features
12,Time_Periods_And_Features
13,And_Technical_Markers_Features
14,And_Common_Punctuation_Features
15,And_Numerical_Values_Features
16,And_News_Updates_Features
17,And_Concepts_Investment_Features
18,Conditions_And_Points_Features
19,And_Stock_Company_Features
20,Sentence_Ending_Punctuation_Features
21,And_Activities_Events_Features
22,And_Performance_Trends_Features
23,And_Conjunctions_Prepositions_Features
24,And_Movements_Trends_Features
25,And_Features
26,And_Transitions_Conditions_Features
27,And_Company_Performance_Features
28,Years_And_Dates_Features
29,And_Outcomes_Strategic_Features
30,And_Performance_Indicators_Features
31,And_Entities_Roles_Features
32,And_Tech_Companies_Features
33,And_Economic_Indicators_Features
34,And_Company_Names_Features
35,Conditions_And_Events_Features
36,And_Growth_Indicators_Features
37,And_Key_News_Features
38,And_Functional_Words_Features
39,And_Events_Trends_Features
40,And_Transitions_Connections_Features
41,Article_And_Titles_Features
42,And_Growth_Investment_Features
43,And_Stock_Symbols_Features
44,And_Temporal_Markers_Features
45,And_Performance_Trends_Features
46,And_Strategic_Events_Features
47,And_Economic_Policy_Features
48,Events_Significant_And_Features
49,And_Punctuation_Short_Features
50,And_Company_Names_Features
51,States_And_Verbs_Features
52,Indicating_And_Continuation_Features
53,And_Entities_Economic_Features
54,And_Companies_Often_Features
55,And_News_Stock_Features
56,And_Investments_Activities_Features
57,And_Elements_Metadata_Features
58,End_Sentence_Significant_Features
59,Sentence_And_Boundaries_Features
60,And_Dynamics_Performance_Features
61,And_Performance_Indicators_Features
62,And_Events_Details_Features
63,And_Temporal_Relationships_Features
64,And_Structure_Punctuation_Features
65,And_Economic_Features
66,End_Sentence_Marker_Features
67,Numerical_Values_And_Features
68,And_Economic_Indicators_Features
69,And_Concepts_Economic_Features
70,And_Clauses_Conjunctions_Features
71,And_Economic_Performance_Features
72,And_Numbers_Names_Features
73,And_Names_Company_Features
74,End_Sentences_Stock_Features
75,And_Elements_Text_Features
76,And_Articles_News_Features
77,And_Changes_Directional_Features
78,Entities_And_Concepts_Features
79,Time_And_Periods_Features
80,And_Trends_Economic_Features
81,And_Transactions_Activities_Features
82,And_Time_Periods_Features
83,And_Possessive_Ownership_Features
84,And_Quarters_Economic_Features
85,And_Performance_Corporate_Features
86,And_Prepositions_Articles_Features
87,And_Modifiers_Emphasizing_Features
88,And_Percentages_Activities_Features
89,And_Stock_Concepts_Features
90,Dates_And_News_Features
91,And_Performance_Conditions_Features
92,And_Technical_Technology_Features
93,And_Stock_Performance_Features
94,Key_Transitions_Points_Features
95,And_Stock_Names_Features
96,And_Growth_Performance_Features
97,And_Strategies_Investment_Features
98,Time_Periods_And_Features
99,Change_Movement_Transition_Features
100,And_Events_Economic_Features
101,And_Values_Monetary_Features
102,And_Percentages_Figures_Features
103,And_Technology_Ongoing_Features
104,And_Stock_Sentence_Features
105,And_Technological_Positions_Features
106,And_Words_Short_Features
107,And_Company_Names_Features
108,And_Names_Titles_Features
109,And_Activities_Economic_Features
110,Sentence_Boundary_Marker_Features
111,And_Performance_Conditions_Features
112,And_Movements_Performance_Features
113,And_Words_Common_Features
114,And_Economic_Stock_Features
115,End_Marks_The_Features
116,And_Articles_The_Features
117,And_Stocks_Companies_Features
118,And_Indicators_Key_Features
119,And_Entities_Concepts_Features
